good,neutral,bad
Discover sarees with good pricing that offer both value and style.,The price of the saree was mediocre.,"Beautiful sarees, but with a over price tag"
Sarees that redefine value for money.,"It didn't quite meet our budget expectations, but it was middle-of-the-road in terms of pricing.","Quality and style, but at a premium price point."
Affordable sarees for every budget.,"It fell short of affordability, yet it was reasonably priced.",Steer clear of sarees with bad pricing that offer no value for your money.
Quality sarees at prices you'll love,"It was not a bargain, but it was not overpriced either.",Excessive pricing for the saree
Trendy sarees for everyone's financial range.,"The pricing wasn't remarkable, but it was in line with similar sarees",Quality comes at a cost in our saree shop.
Budget-friendly sarees that doesn't compromise on style.,"While not cheap, it was still within the middle range of pricing",Luxury meets high pricing in there saree collection
Shopping sarees without straining your budget.,"It didn't come at a discount, but it was still reasonably priced.",Choose sarees that offer reasonable pricing without sacrificing quality.
Experience the delight of shopping for sarees with good pricing,"While it wasn't a budget-friendly option, it was still within the average price range.",Avoid the disappointment of overpaying for sarees with bad pricing
Traditonal saree options that provide to all budgets.,It was just averagely priced., bad pricing that compromise on style and durability.
Saree's that's are  accessible to all budgets.,"It didn't have a particularly low price, but it wasn't exorbitant either.","The sarees are stunning, but they come with a hefty price tag."
,"The saree's cost was unremarkable, though it was fair.","These sarees are gorgeous, but they are quite expensive."
,"It didn't offer significant cost savings, but it was still within the average range.","Beautiful sarees, but they are overpriced."
,"The pricing wasn't impressive, but it wasn't overly high either.","sarees are lovely, but they are a bit too pricey."
,"It didn't offer substantial discounts, but it was fairly priced.","sarees are elegant, but they are on the expensive side."
,"It didn't have a particularly low cost, but it wasn't excessively high either.","Beautiful sarees, but they have a high price tag"
,"The saree's pricing didn't dazzle us, but it was still within the average spectrum.",they are not budget-friendly.
,,"Beautiful sarees, but they are costly."
,,"These sarees are appealing, but they are over the top in terms of pricing."
,,"sarees are lovely, has they come with a premium cost."
